City_ID,City,Country,Lat,Lng,Max Temp,Humidity,Cloudiness,Wind Speed,weather Description
0,Rikitea,PF,-23.1203,-134.9692,73.35,77,1,18.86,clear sky
1,Oussouye,SN,12.485,-16.5469,80.69,84,100,5.77,overcast clouds
2,Awjilah,LY,29.1081,21.2869,80.51,47,0,7.56,clear sky
3,Tuktoyaktuk,CA,69.4541,-133.0374,48.2,81,75,17.27,broken clouds
4,Tilichiki,RU,60.4667,166.1,54.45,93,100,7.2,overcast clouds
5,Ushuaia,AR,-54.8,-68.3,37.06,87,100,12.66,light rain
6,Albany,US,42.6001,-73.9662,78.64,44,27,4.18,scattered clouds
7,Ati,TD,13.2154,18.3353,79.92,74,97,5.91,light rain
8,Bluff,NZ,-46.6,168.3333,50.81,74,88,5.68,overcast clouds
9,Partizanskoye,RU,55.5006,94.39,50.74,90,9,8.12,clear sky
10,Mascote,BR,-15.5631,-39.3025,62.92,89,51,1.66,broken clouds
11,Saint George,US,37.1041,-113.5841,93.94,41,40,10.0,thunderstorm
12,Sao Joao Da Barra,BR,-21.6403,-41.0511,70.27,73,1,17.09,clear sky
13,Castro,BR,-24.7911,-50.0119,57.29,69,2,4.09,clear sky
14,Busselton,AU,-33.65,115.3333,57.13,75,100,14.97,overcast clouds
15,Oranjemund,NA,-28.55,16.4333,52.12,79,97,10.92,overcast clouds
16,Waipawa,NZ,-41.4122,175.5153,50.18,69,100,1.59,overcast clouds
17,Moose Factory,CA,51.2585,-80.6094,66.2,48,0,6.91,clear sky
18,Veinticinco De Mayo,AR,-35.4323,-60.1727,65.98,76,100,3.0,overcast clouds
19,Punta Arenas,CL,-53.15,-70.9167,39.31,81,40,23.02,scattered clouds
20,Mataura,NZ,-46.1927,168.8643,50.49,70,95,3.4,overcast clouds
21,Namatanai,PG,-3.6667,152.4333,81.43,74,100,3.44,overcast clouds
22,Chernitsyno,RU,51.5074,36.051,71.08,79,100,10.0,overcast clouds
23,Marawi,PH,7.9986,124.2928,70.39,86,100,4.56,light rain
24,Arraial Do Cabo,BR,-22.9661,-42.0278,70.0,74,7,27.2,clear sky
25,Barrow,US,71.2906,-156.7887,37.42,87,100,10.36,overcast clouds
26,Kapaa,US,22.0752,-159.319,84.18,73,40,12.66,scattered clouds
27,Sitka,US,57.0531,-135.33,58.89,88,100,11.5,light rain
28,Cabo San Lucas,MX,22.8909,-109.9124,93.61,70,40,10.36,scattered clouds
29,Shetpe,KZ,44.1667,52.1167,84.04,20,5,3.56,clear sky
30,Bredasdorp,ZA,-34.5322,20.0403,48.96,58,97,3.2,overcast clouds
31,Guerrero Negro,MX,27.9769,-114.0611,82.2,53,9,15.77,clear sky
32,Tura,IN,25.5198,90.2201,73.63,91,97,5.44,light rain
33,Atuona,PF,-9.8,-139.0333,77.22,67,2,19.91,clear sky
34,Belyy Yar,RU,53.6039,91.3903,62.49,72,0,11.18,clear sky
35,Tocopilla,CL,-22.092,-70.1979,59.5,74,36,9.78,scattered clouds
36,Cape Town,ZA,-33.9258,18.4232,50.92,77,20,5.01,few clouds
37,Chala,TZ,-7.5833,31.2667,60.6,32,9,4.23,clear sky
38,Voznesenye,RU,61.0106,35.4781,60.76,77,17,2.06,few clouds
39,Ostrovnoy,RU,68.0531,39.5131,47.88,88,30,9.57,scattered clouds
40,Butaritari,KI,3.0707,172.7902,81.55,78,48,14.58,light rain
41,Adrar,MR,20.5022,-10.0711,98.15,20,17,9.95,few clouds
42,Port Lincoln,AU,-34.7333,135.8667,53.13,84,97,4.59,overcast clouds
43,Torbay,CA,47.6666,-52.7314,71.28,95,100,8.05,mist
44,Thompson,CA,55.7435,-97.8558,77.16,33,20,4.61,few clouds
45,Pozo Colorado,PY,-23.4923,-58.7972,88.0,30,8,10.54,clear sky
46,Jamestown,US,42.097,-79.2353,74.79,42,75,6.91,broken clouds
47,Hobart,AU,-42.8794,147.3294,52.27,95,75,6.91,light intensity shower rain
48,Avarua,CK,-21.2078,-159.775,71.65,78,75,5.75,broken clouds
49,Batagay-Alyta,RU,67.8006,130.4114,53.67,71,6,3.18,clear sky
50,Setermoen,NO,68.861,18.3486,54.43,73,97,4.12,overcast clouds
51,Bengkulu,ID,-3.8004,102.2655,76.44,89,100,2.86,overcast clouds
52,Atlantic City,US,39.3643,-74.4229,77.02,59,0,9.22,clear sky
53,Grand-Santi,GF,4.25,-54.3833,72.72,98,92,2.62,overcast clouds
54,Palmas Bellas,PA,9.2319,-80.0867,81.0,87,100,2.01,overcast clouds
55,Mar Del Plata,AR,-38.0023,-57.5575,56.08,94,0,20.0,clear sky
56,Port Hardy,CA,50.6996,-127.4199,62.78,94,100,4.61,overcast clouds
57,Camana,PE,-16.6228,-72.7111,60.26,79,74,5.88,broken clouds
58,Arona,ES,28.0996,-16.681,68.99,80,0,10.36,clear sky
59,Touros,BR,-5.1989,-35.4608,75.63,68,67,16.8,broken clouds
60,Leningradskiy,RU,69.3833,178.4167,39.07,72,91,6.58,overcast clouds
61,San Fernando,PH,15.0286,120.6898,80.33,89,100,2.3,overcast clouds
62,Broome,US,42.2506,-75.833,77.47,45,100,3.44,overcast clouds
63,Beira,MZ,-19.8436,34.8389,66.29,88,0,9.22,clear sky
64,Kavaratti,IN,10.5669,72.642,80.85,79,100,10.69,overcast clouds
65,Kavieng,PG,-2.5744,150.7967,82.44,69,74,7.09,broken clouds
66,Milkovo,RU,54.7167,158.6167,58.93,90,100,3.58,overcast clouds
67,Cidreira,BR,-30.1811,-50.2056,61.02,93,93,13.69,overcast clouds
68,Axim,GH,4.8699,-2.2405,75.11,86,95,13.49,light rain
69,Maceio,BR,-9.6658,-35.7353,74.64,83,75,3.44,broken clouds
70,Salalah,OM,17.0151,54.0924,73.49,100,100,10.36,drizzle
71,Upernavik,GL,72.7868,-56.1549,43.75,75,100,5.01,overcast clouds
72,Charagua,BO,-19.8,-63.2167,76.96,49,4,10.63,clear sky
73,Rossosh,RU,51.1209,38.5116,67.28,54,46,9.55,scattered clouds
74,Surt,LY,31.2089,16.5887,86.99,39,0,4.97,clear sky
75,Krumovgrad,BG,41.4667,25.65,62.96,86,100,2.51,overcast clouds
76,Hithadhoo,MV,-0.6,73.0833,82.27,73,98,3.91,overcast clouds
77,Katghora,IN,22.5,82.55,75.02,96,82,3.44,moderate rain
78,East London,ZA,-33.0153,27.9116,55.11,63,50,31.85,light rain
79,Pisco,PE,-13.7,-76.2167,62.65,77,0,12.66,clear sky
80,Road Town,VG,18.4167,-64.6167,84.24,84,40,9.22,scattered clouds
81,Saskylakh,RU,71.9167,114.0833,50.5,60,2,1.63,clear sky
82,Sendhwa,IN,21.6833,75.1,72.81,94,100,12.88,overcast clouds
83,Yamada,JP,39.4667,141.95,74.34,88,95,1.36,overcast clouds
84,Fukue,JP,32.6881,128.8419,84.56,89,75,10.36,broken clouds
85,Caravelas,BR,-17.7125,-39.2481,67.73,77,0,5.26,clear sky
86,Qaanaaq,GL,77.484,-69.3632,40.51,87,99,11.03,overcast clouds
87,Georgetown,MY,5.4112,100.3354,80.89,82,40,3.44,thunderstorm
88,Colares,PT,38.7992,-9.4469,69.76,77,20,21.0,few clouds
89,Itarema,BR,-2.9248,-39.9167,77.88,74,49,14.9,scattered clouds
90,Kununurra,AU,-15.7667,128.7333,69.78,64,30,1.14,scattered clouds
91,Kruisfontein,ZA,-34.0033,24.7314,47.88,64,83,16.04,light rain
92,Hermanus,ZA,-34.4187,19.2345,49.77,66,81,8.46,broken clouds
93,Tikrit,IQ,34.6071,43.6782,88.66,24,0,10.92,clear sky
94,Quepos,CR,9.4236,-84.1652,79.84,84,72,0.89,broken clouds
95,San Patricio,US,28.017,-97.5169,80.83,80,100,17.07,light rain
96,Vila Franca Do Campo,PT,37.7167,-25.4333,75.61,93,18,4.72,few clouds
97,Buraydah,SA,26.326,43.975,91.85,17,7,8.84,clear sky
98,Honiara,SB,-9.4333,159.95,84.61,67,8,5.7,clear sky
99,Welkom,ZA,-27.9864,26.7066,40.08,47,0,7.83,clear sky
100,Puerto Ayora,EC,-0.7393,-90.3518,69.55,95,96,5.99,overcast clouds
101,La Paz,BO,-16.5,-68.15,55.38,16,20,6.91,few clouds
102,Kokstad,ZA,-30.5472,29.4241,39.83,53,8,13.47,clear sky
103,Tasiilaq,GL,65.6145,-37.6368,41.16,64,73,3.58,broken clouds
104,Thinadhoo,MV,0.5333,72.9333,82.42,74,92,6.49,overcast clouds
105,Luderitz,NA,-26.6481,15.1594,54.0,62,32,11.88,scattered clouds
106,High Level,CA,58.5169,-117.136,66.31,88,75,8.05,broken clouds
107,Ancud,CL,-41.8697,-73.8203,42.89,68,39,16.8,scattered clouds
108,Luanda,AO,-8.8368,13.2343,66.2,94,28,2.3,scattered clouds
109,Bambous Virieux,MU,-20.3428,57.7575,69.22,94,75,12.66,light rain
110,The Valley,AI,18.217,-63.0578,84.06,89,20,5.75,few clouds
111,Namibe,AO,-15.1961,12.1522,60.98,90,25,7.61,scattered clouds
112,Hilo,US,19.7297,-155.09,87.28,71,20,13.8,few clouds
113,Hemsedal,NO,60.8629,8.5534,59.16,74,100,6.15,overcast clouds
114,Hasaki,JP,35.7333,140.8333,82.29,84,87,2.21,overcast clouds
115,Tigil,RU,57.8,158.6667,62.17,87,100,6.58,overcast clouds
116,Lieksa,FI,63.3167,30.0167,60.6,83,69,4.99,broken clouds
117,Kaitangata,NZ,-46.2817,169.8464,47.61,72,88,2.71,overcast clouds
118,Vaini,TO,-21.2,-175.2,73.56,83,75,13.8,broken clouds
119,Balsas,BR,-7.5325,-46.0356,81.75,29,8,7.27,clear sky
120,Chimbote,PE,-9.0853,-78.5783,63.37,82,6,13.67,clear sky
121,Cherskiy,RU,68.75,161.3,45.68,66,12,6.51,few clouds
122,Ranong,TH,9.9658,98.6348,76.93,86,69,5.82,broken clouds
123,Falun,SE,60.6036,15.626,64.81,83,94,2.93,overcast clouds
124,Quatre Cocos,MU,-20.2078,57.7625,69.1,77,82,13.6,light rain
125,Vrangel,RU,42.7297,133.0839,67.93,90,100,7.56,moderate rain
126,Macklin,CA,52.3334,-109.9348,80.94,37,55,10.29,broken clouds
127,Norden,DE,53.6,7.2,71.96,79,91,10.25,overcast clouds
128,Gamba,GA,-2.65,10.0,68.83,92,62,4.9,broken clouds
129,Laguna,US,38.421,-121.4238,103.33,14,0,4.61,clear sky
130,Hofn,IS,64.2539,-15.2082,47.89,73,71,11.45,broken clouds
131,Grand Gaube,MU,-20.0064,57.6608,69.39,74,75,5.01,broken clouds
132,Marienburg,PL,54.0359,19.0266,68.11,89,73,7.23,broken clouds
133,Dikson,RU,73.5069,80.5464,42.96,94,100,4.0,overcast clouds
134,Yerbogachen,RU,61.2767,108.0108,46.4,81,9,0.98,clear sky
135,Airai,TL,-8.9266,125.4092,60.19,62,21,3.62,few clouds
136,Kayerkan,RU,69.3497,87.7602,55.53,71,92,6.08,overcast clouds
137,Lavrentiya,RU,65.5833,-171.0,43.07,67,34,3.18,scattered clouds
138,Te Anau,NZ,-45.4167,167.7167,41.49,79,100,0.96,overcast clouds
139,Pa Sang,TH,18.5262,98.9394,77.2,92,99,2.89,overcast clouds
140,Atherton,GB,53.5237,-2.4935,73.78,69,99,1.01,overcast clouds
141,Aklavik,CA,68.2191,-135.0107,53.71,71,96,10.11,overcast clouds
142,Nikki,BJ,9.9401,3.2108,71.13,96,100,9.13,light rain
143,Freetown,SL,8.484,-13.2299,75.34,89,94,7.34,light rain
144,New Norfolk,AU,-42.7826,147.0587,51.93,81,93,1.01,light rain
145,Victoria,HK,22.2855,114.1577,84.96,86,41,3.0,scattered clouds
146,Padang,ID,-0.9492,100.3543,77.16,83,71,2.44,broken clouds
147,Barra Dos Coqueiros,BR,-10.9089,-37.0386,71.62,94,100,13.8,mist
148,Namanga,KE,-2.5433,36.7905,63.61,81,96,5.28,overcast clouds
149,Tuatapere,NZ,-46.1333,167.6833,47.98,68,99,4.9,overcast clouds
150,Beloha,MG,-25.1667,45.05,66.54,60,32,6.46,scattered clouds
151,Bandarbeyla,SO,9.4942,50.8122,76.1,84,93,28.39,overcast clouds
152,Lebu,CL,-37.6167,-73.65,46.02,78,78,14.5,broken clouds
153,Amlagora,IN,22.8333,87.3333,77.77,90,98,13.8,overcast clouds
154,At-Bashi,KG,41.1702,75.8106,59.72,69,34,3.67,scattered clouds
155,Borodino,RU,55.9106,94.8983,51.12,93,11,8.61,few clouds
156,Sivas,TR,39.7916,37.0019,61.43,77,20,2.3,few clouds
157,Kodiak,US,57.79,-152.4072,54.91,88,100,10.36,overcast clouds
158,Coahuayana,MX,18.7333,-103.6833,85.24,70,74,5.06,broken clouds
159,Hay River,CA,60.8156,-115.7999,80.58,50,20,9.22,few clouds
160,Christchurch,NZ,-43.5333,172.6333,50.32,86,100,8.05,overcast clouds
161,Los Llanos De Aridane,ES,28.6585,-17.9182,69.55,91,0,14.97,clear sky
162,Sayyan,YE,15.1718,44.3244,62.76,69,100,5.17,overcast clouds
163,Kasongo-Lunda,CD,-6.4667,16.8167,70.61,40,0,2.8,clear sky
164,Richards Bay,ZA,-28.783,32.0377,61.38,59,33,6.58,scattered clouds
165,Igrim,RU,63.1906,64.4162,41.29,81,31,6.04,scattered clouds
166,Sobolevo,RU,54.4299,31.8996,61.38,89,46,6.8,scattered clouds
167,Terrace,CA,54.5163,-128.6035,73.31,56,75,16.11,broken clouds
168,Jaciara,BR,-15.9653,-54.9683,80.82,27,1,4.0,clear sky
169,Geraldton,AU,-28.7667,114.6,48.61,93,0,13.8,clear sky
170,Opunake,NZ,-39.4556,173.8583,56.12,69,100,7.25,overcast clouds
171,Bethel,US,41.3712,-73.414,78.37,54,74,1.01,broken clouds
172,Borovsk,RU,55.2064,36.4861,62.69,76,39,3.04,scattered clouds
173,Gravdal,NO,68.1214,13.5031,52.97,71,100,8.43,overcast clouds
174,Monticello,US,45.3055,-93.7941,80.13,55,81,3.51,broken clouds
175,Pangkalanbuun,ID,-2.6833,111.6167,73.63,92,69,1.23,broken clouds
176,Tumaco,CO,1.7986,-78.8156,77.5,82,85,13.0,overcast clouds
177,Saint-Pierre,RE,-21.3393,55.4781,68.92,70,20,4.61,few clouds
178,Alice,US,27.7523,-98.0697,78.24,97,75,13.8,broken clouds
179,Plaza De Caisan,PA,8.7333,-82.8167,69.51,98,99,2.15,overcast clouds
180,Pedernales,DO,18.0384,-71.744,82.06,74,9,7.18,clear sky
181,Homer,US,59.6425,-151.5483,58.77,75,100,5.01,overcast clouds
182,Panguna,PG,-6.3164,155.4848,78.87,63,88,1.36,overcast clouds
183,Ayan,RU,56.45,138.1667,56.07,85,82,4.27,broken clouds
184,Sur,OM,22.5667,59.5289,88.21,58,62,10.98,broken clouds
185,Primorsk,UA,46.7348,36.3443,81.73,36,45,13.13,scattered clouds
186,Bardsir,IR,29.9227,56.5743,71.13,18,3,7.61,clear sky
187,Katsuura,JP,35.1333,140.3,82.6,83,75,14.72,broken clouds
188,Clyde River,CA,70.4692,-68.5914,41.23,93,40,4.61,scattered clouds
189,Tiksi,RU,71.6872,128.8694,44.83,87,61,4.56,broken clouds
190,Nueva Helvecia,UY,-34.3,-57.2333,66.6,83,21,14.61,few clouds
191,Chokurdakh,RU,70.6333,147.9167,49.15,48,9,8.12,clear sky
192,Yinchuan,CN,38.4681,106.2731,79.3,27,99,4.41,overcast clouds
193,Yellowknife,CA,62.456,-114.3525,77.56,33,0,11.5,clear sky
194,Faanui,PF,-16.4833,-151.75,78.89,75,33,14.94,light rain
195,Mezhdurechensk,RU,53.6942,88.0603,49.8,97,63,3.94,light rain
196,Ribeira Grande,PT,38.5167,-28.7,76.39,87,13,9.53,few clouds
197,Morgan City,US,29.6994,-91.2068,91.0,67,17,7.27,few clouds
198,Kieta,PG,-6.2167,155.6333,83.25,70,87,2.08,overcast clouds
199,North Bend,US,43.4065,-124.2243,77.23,86,0,20.71,clear sky
200,Tiznit,MA,29.5833,-9.5,74.88,56,0,2.17,clear sky
201,Khatanga,RU,71.9667,102.5,55.33,58,39,5.03,scattered clouds
202,Timmins,CA,48.4669,-81.3331,67.82,73,75,4.61,broken clouds
203,Porto Torres,IT,40.835,8.3972,78.98,78,0,6.87,clear sky
204,Bathsheba,BB,13.2167,-59.5167,83.01,83,75,9.22,broken clouds
205,San Cristobal,VE,7.7669,-72.225,73.58,95,38,4.92,scattered clouds
206,Solnechnyy,RU,50.7214,136.6319,64.96,80,94,1.3,overcast clouds
207,Ponta Do Sol,PT,32.6667,-17.1,73.0,80,0,4.23,clear sky
208,Longyearbyen,SJ,78.2186,15.6401,44.44,81,75,4.61,broken clouds
209,Bhabua,IN,25.05,83.6167,78.76,87,93,25.26,overcast clouds
210,Saldanha,ZA,-33.0117,17.9442,41.05,64,5,8.77,clear sky
211,Huarmey,PE,-10.0681,-78.1522,63.86,81,3,12.37,clear sky
212,College,US,64.8569,-147.8028,67.21,67,75,0.0,broken clouds
213,Chililabombwe,ZM,-12.3648,27.8229,62.37,32,17,3.67,few clouds
214,Bulaevo,KZ,54.9056,70.4439,49.62,81,6,7.58,clear sky
215,Abbeville,FR,50.1,1.8333,70.5,71,100,5.7,overcast clouds
216,Cayenne,GF,4.9333,-52.3333,81.09,1,0,2.3,clear sky
217,Port Alfred,ZA,-33.5906,26.891,55.94,65,87,33.64,light rain
218,Borba,BR,-4.3878,-59.5939,80.56,62,78,1.68,light rain
219,Concarneau,FR,47.875,-3.9225,64.69,92,69,7.27,broken clouds
220,Noumea,NC,-22.2763,166.4572,80.58,99,100,8.41,overcast clouds
221,Zhob,PK,31.3411,69.4481,72.77,79,34,1.25,scattered clouds
222,Chuy,UY,-33.6971,-53.4616,58.21,89,0,10.16,clear sky
223,Zabol,AF,32.25,67.25,70.36,65,100,5.57,overcast clouds
224,Emilio Carranza,MX,19.9711,-96.6114,85.77,70,100,14.83,overcast clouds
225,Port Elizabeth,ZA,-33.918,25.5701,50.31,85,75,16.11,light rain
226,Carnarvon,AU,-24.8667,113.6333,66.38,70,84,7.38,broken clouds
227,Katete,UG,-0.7818,29.7544,63.45,87,90,2.33,light rain
228,Bitung,ID,1.4451,125.1824,77.85,80,98,10.31,overcast clouds
229,Port Hedland,AU,-20.3167,118.5667,66.25,68,40,5.75,scattered clouds
230,Faya,SA,18.3851,42.4509,66.31,73,100,4.88,overcast clouds
231,Esperance,AU,-33.8667,121.9,51.66,80,0,12.39,clear sky
232,Karonga,MW,-9.9333,33.9333,67.96,70,45,4.03,scattered clouds
233,Chabahar,IR,25.2919,60.643,83.98,84,61,3.8,broken clouds
234,Narsaq,GL,60.9167,-46.05,55.62,95,49,2.04,scattered clouds
235,Porto Santo,PT,33.072,-16.3415,71.98,78,20,11.5,few clouds
236,Ayni,TJ,39.3941,68.5377,71.62,39,0,3.0,clear sky
237,Hamilton,US,39.1834,-84.5333,76.77,86,100,4.61,overcast clouds
238,Terra Santa,BR,-2.1042,-56.4869,74.93,86,86,4.21,overcast clouds
239,Puerto Escondido,MX,15.85,-97.0667,85.03,58,40,3.44,scattered clouds
240,Carauari,BR,-4.8828,-66.8958,78.33,75,63,2.66,broken clouds
241,Fortuna,US,40.5982,-124.1573,67.93,82,100,12.66,overcast clouds
242,Rimbey,CA,52.6334,-114.2353,73.62,65,54,9.48,broken clouds
243,Chimoio,MZ,-19.1164,33.4833,66.06,42,0,6.02,clear sky
244,Khorramshahr,IR,30.4397,48.1664,87.75,74,0,0.0,clear sky
245,Okha,RU,53.5739,142.9478,59.0,86,96,7.63,overcast clouds
246,Olafsvik,IS,64.8945,-23.7142,47.66,67,13,6.35,few clouds
247,Aykhal,RU,66.0,111.5,47.08,81,100,9.28,overcast clouds
248,Oleksandrivka,UA,48.9634,32.2349,75.76,45,60,15.52,broken clouds
249,Vestmannaeyjar,IS,63.4427,-20.2734,48.52,69,9,16.98,clear sky
250,Severnoye,RU,56.3491,78.3619,46.74,97,36,9.37,scattered clouds
251,Berlevag,NO,70.8578,29.0864,48.2,81,100,8.05,overcast clouds
252,Nuuk,GL,64.1835,-51.7216,47.01,87,100,23.02,overcast clouds
253,Tefe,BR,-3.3542,-64.7114,78.91,94,40,4.61,scattered clouds
254,Kattivakkam,IN,13.2167,80.3167,84.29,85,100,7.29,overcast clouds
255,Magistralnyy,RU,56.1725,107.4458,56.39,91,98,6.53,overcast clouds
256,Coquimbo,CL,-29.9533,-71.3436,55.13,87,0,8.05,clear sky
257,Lagoa,PT,39.05,-27.9833,74.66,83,6,13.0,clear sky
258,Rundu,NA,-17.9333,19.7667,56.57,23,0,5.84,clear sky
259,Atasu,KZ,48.6814,71.6433,61.61,54,0,12.71,clear sky
260,Tamandare,BR,-8.7597,-35.1047,74.08,76,28,9.46,scattered clouds
261,Hurghada,EG,27.2574,33.8129,84.24,32,0,11.5,clear sky
262,Carlos Antonio Lopez,PY,-26.4,-54.7667,64.27,78,21,3.2,few clouds
263,Chara,RU,56.9064,118.2631,57.54,67,100,0.43,overcast clouds
264,Iqaluit,CA,63.7506,-68.5145,46.13,71,75,9.22,broken clouds
265,Nanortalik,GL,60.1432,-45.2371,45.03,98,98,8.21,overcast clouds
266,Semey,KZ,50.4111,80.2275,50.22,93,0,6.71,clear sky
267,Denpasar,ID,-8.65,115.2167,78.46,94,40,3.44,scattered clouds
268,Souillac,MU,-20.5167,57.5167,66.58,94,75,12.66,light rain
269,Malkangiri,IN,18.35,81.9,72.99,95,100,7.96,heavy intensity rain
270,Puerto Del Rosario,ES,28.5004,-13.8627,73.15,83,75,16.11,broken clouds
271,Malinyi,TZ,-8.9333,36.1333,66.34,73,58,0.78,broken clouds
272,Filingue,NE,14.3521,3.3168,81.64,57,99,11.34,overcast clouds
273,Pahrump,US,36.2083,-115.9839,100.45,19,30,8.01,scattered clouds
274,Belaya Gora,RU,68.5333,146.4167,52.16,54,26,12.84,scattered clouds
275,Alice Springs,AU,-23.7,133.8833,54.95,30,0,4.61,clear sky
276,Karratha,AU,-20.7377,116.8463,72.55,51,1,4.68,clear sky
277,Menongue,AO,-14.6585,17.691,53.85,23,1,1.57,clear sky
278,Esik,KZ,43.3552,77.4525,62.02,36,13,5.84,few clouds
279,Batemans Bay,AU,-35.7167,150.1833,57.09,44,37,11.03,scattered clouds
280,Portland,US,45.5234,-122.6762,87.87,42,20,11.5,few clouds
281,Saint-Philippe,RE,-21.3585,55.7679,65.79,78,45,13.96,scattered clouds
282,Sorland,NO,67.667,12.6934,53.46,79,100,14.85,overcast clouds
283,Sheksna,RU,59.21,38.5107,64.33,81,79,4.25,broken clouds
284,Sabzevar,IR,36.2126,57.6819,69.08,32,0,6.91,clear sky
285,Tangwani,PK,28.2787,68.9972,84.67,71,46,3.56,scattered clouds
286,Camacupa,AO,-12.0167,17.4833,60.93,21,30,3.91,scattered clouds
287,Saint-Augustin,CA,51.226,-58.6502,58.8,96,100,17.16,overcast clouds
288,Asau,RO,46.4333,26.4,63.52,90,94,4.32,overcast clouds
289,Sagua La Grande,CU,22.8067,-80.0756,81.59,83,76,5.59,broken clouds
290,Ilulissat,GL,69.2167,-51.1,42.93,82,100,10.56,overcast clouds
291,Coos Bay,US,43.3665,-124.2179,77.31,86,0,20.71,clear sky
292,Springdale,US,36.1867,-94.1288,93.31,46,0,5.75,clear sky
293,Vondrozo,MG,-22.8167,47.2833,56.86,97,27,1.43,scattered clouds
294,Hambantota,LK,6.1241,81.1185,77.31,89,77,11.12,broken clouds
295,Atar,MR,20.5169,-13.0499,79.81,56,64,15.3,moderate rain
296,Koumra,TD,8.9126,17.5539,70.66,98,100,4.5,light rain
297,Norman,US,35.2226,-97.4395,100.81,28,0,9.22,clear sky
298,Abu Zabad,SD,12.35,29.25,70.54,91,99,7.99,light rain
299,Ternate,ID,0.8,127.4,80.19,79,100,8.77,overcast clouds
300,Provideniya,RU,64.3833,-173.3,50.36,57,0,11.18,clear sky
301,Olinda,BR,-8.0089,-34.8553,76.73,65,20,13.8,few clouds
302,Mullheim,DE,47.8082,7.6304,70.0,87,97,1.01,overcast clouds
303,Bud,US,39.447,-86.1758,78.06,95,94,4.29,overcast clouds
304,Mount Isa,AU,-20.7333,139.5,58.77,36,42,3.44,scattered clouds
305,Voskresenskoye,RU,56.8381,45.4317,60.1,84,64,3.51,broken clouds
306,Lazaro Cardenas,MX,17.9583,-102.2,82.51,72,95,5.86,overcast clouds
307,Chernyshevskiy,RU,63.0128,112.4714,49.39,91,100,4.81,overcast clouds
308,Port Blair,IN,11.6667,92.75,77.04,100,40,0.0,mist
309,Harbour Breton,CA,47.4833,-55.7983,65.89,99,100,10.33,overcast clouds
310,Jizan,SA,17.3333,42.6667,88.74,66,100,3.29,overcast clouds
311,Placer,US,39.0666,-120.7677,91.54,14,0,4.0,clear sky
312,Coihaique,CL,-45.5752,-72.0662,35.55,87,100,6.91,overcast clouds
313,Egvekinot,RU,66.3167,-179.1667,44.13,74,98,4.7,light rain
314,Ulaanbaatar,MN,47.9077,106.8832,48.33,87,20,0.0,few clouds
315,Sabang,ID,5.8933,95.3214,82.58,73,77,11.7,broken clouds
316,Sibu,MY,2.3,111.8167,73.71,94,20,2.3,few clouds
317,Parkes,AU,-33.1333,148.1833,49.35,80,91,7.83,light rain
318,Digha,IN,21.6833,87.55,81.36,82,100,19.1,overcast clouds
319,Nouadhibou,MR,20.931,-17.0347,73.38,83,2,10.36,clear sky
320,Port Hawkesbury,CA,45.6169,-61.3485,69.39,98,75,10.36,broken clouds
321,Vasilsursk,RU,56.1275,46.0072,62.42,73,82,3.24,broken clouds
322,Ballina,AU,-28.8667,153.5667,61.79,58,9,11.9,clear sky
323,Iquitos,PE,-3.7481,-73.2472,73.44,100,100,9.22,overcast clouds
324,Thunder Bay,CA,48.4001,-89.3168,66.11,77,75,12.66,broken clouds
325,Tuntum,BR,-5.2581,-44.6489,75.67,35,34,2.44,scattered clouds
326,Zaysan,KZ,47.4667,84.8667,64.9,50,0,4.72,clear sky
327,Lunen,DE,51.6167,7.5167,78.13,65,98,6.91,overcast clouds
328,Williams Lake,CA,52.1415,-122.1445,84.06,32,20,3.0,few clouds
329,Chillicothe,US,39.3331,-82.9824,70.25,84,100,5.99,moderate rain
330,Gat,IL,31.61,34.7642,77.68,100,0,1.57,clear sky
331,Neiafu,TO,-18.65,-173.9833,77.68,65,75,14.97,broken clouds
332,Wanaka,NZ,-44.7,169.15,41.11,76,100,1.07,overcast clouds
333,Ukiah,US,39.1502,-123.2078,99.45,29,0,6.91,clear sky
334,Mersing,MY,2.4312,103.8405,76.91,88,40,5.75,scattered clouds
335,Rodnykove,UA,45.043,33.9541,69.35,86,19,6.11,few clouds
336,Green River,US,41.5286,-109.4662,72.19,64,98,5.01,overcast clouds
337,Oktyabrskiy,RU,54.4815,53.471,52.0,72,1,5.26,clear sky
338,Quesnel,CA,52.9999,-122.5029,77.5,36,0,5.75,clear sky
339,Lompoc,US,34.6391,-120.4579,72.84,74,0,12.66,clear sky
340,Lata,PT,40.1629,-8.3327,57.45,98,9,2.35,clear sky
341,Fredericton,CA,45.9454,-66.6656,63.45,92,100,4.61,overcast clouds
342,Zuya,UA,45.0531,34.3154,69.75,84,6,5.44,clear sky
343,Sao Miguel Do Araguaia,BR,-13.275,-50.1628,80.94,31,2,4.25,clear sky
344,Umm Lajj,SA,25.0213,37.2685,84.16,71,42,4.83,scattered clouds
345,Costinesti,RO,43.95,28.6333,68.43,78,25,5.01,scattered clouds
346,Karabulak,RU,43.3036,44.8964,68.99,46,0,3.85,clear sky
347,Lakhimpur,IN,27.95,80.7667,81.95,69,100,14.23,light rain
348,Dunedin,NZ,-45.8742,170.5036,44.8,25,93,7.96,overcast clouds
349,Saint Anthony,US,45.0205,-93.218,79.93,67,0,5.75,clear sky
350,Gweru,ZW,-19.45,29.8167,58.24,30,0,6.58,clear sky
351,Rio Grande,BR,-32.035,-52.0986,62.71,90,0,13.33,clear sky
352,Araguaina,BR,-7.1911,-48.2072,81.18,27,61,4.76,broken clouds
353,Paignton,GB,50.4357,-3.5679,70.48,65,63,1.99,broken clouds
354,Viseu,PT,40.661,-7.9097,56.86,95,3,1.5,clear sky
355,Labrea,BR,-7.2586,-64.7981,81.28,55,32,3.94,scattered clouds
356,Banjar,ID,-8.19,114.9675,78.8,86,47,1.39,scattered clouds
357,Urengoy,RU,65.9667,78.3667,47.14,96,100,18.43,light rain
358,Alofi,NU,-19.0595,-169.9187,76.89,65,100,20.71,overcast clouds
359,Mount Gambier,AU,-37.8333,140.7667,50.99,86,96,10.89,light rain
360,Zatoka,UA,46.0725,30.4654,73.74,77,8,9.75,clear sky
361,Agadez,NE,19.75,10.25,86.79,37,73,10.56,broken clouds
362,Paranavai,BR,-23.0731,-52.4653,70.41,49,5,5.59,clear sky
363,Raudeberg,NO,61.9875,5.1352,59.95,75,100,5.75,overcast clouds
364,San Joaquin,US,37.9333,-121.3011,100.54,15,0,10.36,clear sky
365,Scarborough,GB,54.2797,-0.4044,61.66,88,95,4.16,overcast clouds
366,Srednekolymsk,RU,67.45,153.6833,49.26,47,43,14.09,scattered clouds
367,New Glasgow,CA,45.5834,-62.6486,67.78,97,99,9.53,overcast clouds
368,Bayamo,CU,20.3792,-76.6433,77.7,88,94,2.08,overcast clouds
369,Benguela,AO,-12.5763,13.4055,66.38,88,8,3.98,clear sky
370,Vostok,RU,46.4856,135.8833,65.37,77,67,1.61,broken clouds
371,Borazjan,IR,29.2666,51.2159,93.43,26,0,1.77,clear sky
372,Griffith,US,41.5284,-87.4237,70.29,85,100,8.05,overcast clouds
373,Pandavapura,IN,12.5006,76.6733,67.64,90,100,4.68,overcast clouds
374,Oriximina,BR,-1.7656,-55.8661,75.78,82,98,0.76,overcast clouds
375,Aksarka,RU,66.5606,67.7975,41.36,78,36,9.46,scattered clouds
376,Kita,ML,13.0349,-9.4895,72.7,96,95,2.37,overcast clouds
377,Havre-Saint-Pierre,CA,50.2334,-63.5986,59.36,100,100,4.61,overcast clouds
378,Nikolskoye,RU,59.7035,30.7861,61.88,74,5,3.38,clear sky
379,Oktyabrskoye,RU,43.0645,44.7417,66.34,94,0,4.47,clear sky
380,Tezu,IN,27.9167,96.1667,75.6,98,52,1.92,broken clouds
381,Vangaindrano,MG,-23.35,47.6,62.91,93,9,5.23,clear sky
382,Sistranda,NO,63.7256,8.834,58.96,83,100,5.14,overcast clouds
383,Demidov,RU,55.2706,31.515,61.92,95,46,3.49,scattered clouds
384,Bauchi,NG,10.5,10.0,70.23,91,100,3.04,overcast clouds
385,Constitucion,CL,-35.3333,-72.4167,47.86,86,75,9.71,broken clouds
386,Pangai,TO,-19.8,-174.35,77.11,83,40,16.11,scattered clouds
387,Kollam,IN,8.8833,76.6,76.48,89,100,9.42,overcast clouds
388,Arlit,NE,18.7369,7.3853,97.45,25,100,11.5,overcast clouds
389,Korla,CN,41.7597,86.1469,78.66,31,0,4.99,clear sky
390,Abu Dhabi,AE,24.4667,54.3667,93.31,68,4,1.14,dust
391,Bhaderwah,IN,32.9784,75.7186,67.03,94,87,0.54,overcast clouds
392,Severo-Kurilsk,RU,50.6789,156.125,57.13,98,100,20.13,moderate rain
393,Roznava,SK,48.6601,20.5376,63.09,84,70,4.07,light rain
394,Karangampel,ID,-6.4622,108.4519,79.03,83,88,4.79,overcast clouds
395,Emba,KZ,48.8264,58.1442,75.34,30,2,23.98,clear sky
396,Erzincan,TR,39.75,39.5,65.5,68,0,0.0,clear sky
397,Krasnoarmeysk,RU,51.0239,45.6969,64.67,63,62,10.71,broken clouds
398,Ourossogui,SN,15.6064,-13.3211,84.2,84,0,4.61,clear sky
399,Iwanai,JP,42.9744,140.5089,76.15,70,99,3.15,overcast clouds
400,Dudinka,RU,69.4058,86.1778,56.62,61,89,6.6,overcast clouds
401,Tecoanapa,MX,16.5167,-98.75,83.95,70,77,6.49,broken clouds
402,Shepetivka,UA,50.1855,27.0637,66.42,76,87,8.59,overcast clouds
403,Codrington,AU,-38.2667,141.9667,53.49,80,99,18.21,overcast clouds
404,Ryotsu,JP,38.0833,138.4333,79.05,85,82,6.38,broken clouds
405,Koumac,NC,-20.5667,164.2833,76.05,77,98,4.79,overcast clouds
406,Maesteg,GB,51.6093,-3.6582,70.23,78,43,5.14,scattered clouds
407,Bilibino,RU,68.0546,166.4372,40.15,84,100,4.63,overcast clouds
408,Nogliki,RU,51.8333,143.1667,55.4,93,100,5.84,overcast clouds
409,Chacaltianguis,MX,18.3333,-95.8333,85.12,78,100,2.24,overcast clouds
410,Oga,IT,46.4631,10.347,59.68,90,89,2.57,overcast clouds
411,Ulaangom,MN,49.9811,92.0667,62.89,56,0,3.49,clear sky
412,Ipora,BR,-16.4419,-51.1178,75.25,31,3,2.15,clear sky
413,Katima Mulilo,NA,-17.5,24.2667,58.71,18,0,5.79,clear sky
414,Praia Da Vitoria,PT,38.7333,-27.0667,77.25,88,40,11.16,scattered clouds
415,Maumere,ID,-8.6199,122.2111,80.22,65,3,3.76,clear sky
416,Staryy Nadym,RU,65.6118,72.6842,46.26,64,100,20.96,overcast clouds
417,Orsk,RU,51.2049,58.5668,56.3,58,0,4.47,clear sky
418,Birin,NP,26.8865,88.0718,62.58,93,92,6.08,overcast clouds
419,Rocha,UY,-34.4833,-54.3333,58.96,90,33,10.09,scattered clouds
420,Tlacote El Bajo,MX,20.65,-100.5,74.37,72,92,6.02,overcast clouds
421,Mokhsogollokh,RU,61.4681,128.9203,65.17,65,78,5.55,broken clouds
422,Morondava,MG,-20.2833,44.2833,73.33,76,12,4.79,few clouds
423,Nikolayevka,RU,53.1257,47.2041,57.31,64,99,6.26,overcast clouds
424,Bairiki,KI,1.3292,172.9752,86.0,70,40,14.97,scattered clouds
425,Karauli,IN,26.5,77.0167,77.36,90,100,6.4,overcast clouds
426,Isangel,VU,-19.55,169.2667,77.11,83,100,11.5,overcast clouds
427,Houlton,US,46.1262,-67.8403,67.71,80,0,3.44,clear sky
428,Pangnirtung,CA,66.1451,-65.7125,43.57,87,100,4.34,overcast clouds
429,Mahebourg,MU,-20.4081,57.7,69.26,94,75,12.66,broken clouds
430,Rio Gallegos,AR,-51.6226,-69.2181,37.45,70,20,17.27,few clouds
431,Saint-Joseph,RE,-21.3667,55.6167,64.78,74,27,11.23,scattered clouds
432,Ghogha,IN,21.6833,72.2833,79.59,84,100,12.77,overcast clouds
433,Cabedelo,BR,-6.9811,-34.8339,74.07,70,49,14.05,scattered clouds
434,Sao Filipe,CV,14.8961,-24.4956,77.54,72,38,5.06,scattered clouds
435,Popondetta,PG,-8.7537,148.2534,86.94,56,50,3.74,scattered clouds
436,Dabola,GN,10.75,-11.1167,67.33,95,86,2.28,overcast clouds
437,Miraflores,MX,19.2167,-98.8083,70.56,92,100,4.85,overcast clouds
438,Komsomolskiy,UZ,40.4272,71.7189,77.72,41,49,6.91,scattered clouds
439,Gbarnga,LR,6.9956,-9.4722,68.99,99,100,2.91,overcast clouds
440,Katobu,ID,-4.9408,122.5276,78.39,74,57,6.2,broken clouds
441,Roald,NO,62.5833,6.1333,65.34,94,0,6.91,clear sky
442,Zaragoza,ES,41.6561,-0.8773,78.03,53,0,11.5,clear sky
443,Naze,JP,28.3667,129.4833,85.12,74,17,11.97,few clouds
444,Baoqing,CN,46.3317,132.2111,71.73,65,54,5.06,broken clouds
445,Yuzhnyy,RU,53.2542,83.6936,52.18,82,0,11.18,clear sky
446,Porbandar,IN,21.6422,69.6093,79.61,87,91,19.57,overcast clouds
447,Bilma,NE,18.6853,12.9164,87.12,44,94,7.61,light rain
448,Nagar Karnul,IN,16.4821,78.3247,72.39,87,100,13.71,overcast clouds
449,Chapais,CA,49.7834,-74.8492,67.78,78,100,7.09,overcast clouds
450,Luganville,VU,-15.5333,167.1667,77.54,86,100,9.64,light rain
451,Kapit,MY,2.0167,112.9333,76.62,88,100,0.74,overcast clouds
452,Taketa,JP,32.9652,131.3785,81.79,65,53,5.91,broken clouds
453,Kelo,TD,9.3086,15.8066,71.44,95,100,4.18,light rain
454,Palmer,US,42.1584,-72.3287,80.2,50,40,0.0,scattered clouds
455,Flinders,AU,-34.5833,150.8552,59.38,58,56,8.01,broken clouds
456,Zlobin,HR,45.2924,14.6541,63.59,65,73,2.68,broken clouds
457,Comodoro Rivadavia,AR,-45.8667,-67.5,46.26,36,0,24.16,clear sky
458,Amuntai,ID,-2.4177,115.2494,76.96,80,95,0.43,overcast clouds
459,Linqu,CN,36.5156,118.5397,85.35,81,98,6.49,overcast clouds
460,Anage,BR,-14.6122,-41.1356,67.33,65,21,9.4,few clouds
461,Salto De Agua,MX,17.6167,-92.3667,92.16,63,33,2.37,scattered clouds
462,Ahipara,NZ,-35.1667,173.1667,60.01,76,100,9.89,light rain
463,Metro,ID,-5.1131,105.3067,75.96,89,96,2.55,overcast clouds
464,Mocuba,MZ,-16.8392,36.9856,67.62,50,0,4.79,clear sky
465,Vardo,NO,70.3705,31.1107,48.18,76,31,4.61,scattered clouds
466,Esso,RU,55.9333,158.7,55.96,98,100,6.29,light rain
467,Lewisporte,CA,49.2499,-55.0482,65.91,98,100,5.01,overcast clouds
468,Gorontalo,ID,0.5412,123.0595,80.87,75,96,3.4,overcast clouds
469,Kaz,RU,52.9113,87.3105,51.4,95,61,3.85,broken clouds
470,Camalu,MX,30.85,-116.0667,78.6,63,0,6.85,clear sky
471,Malinovoye Ozero,RU,51.6753,79.7825,55.08,64,2,5.88,clear sky
472,Sioux Lookout,CA,50.1001,-91.917,71.67,78,75,3.44,broken clouds
473,Machala,EC,-3.2667,-79.9667,75.15,78,100,8.05,overcast clouds
474,Cukai,MY,4.25,103.4167,75.15,90,89,4.09,overcast clouds
475,Harper,LR,4.375,-7.7169,74.64,86,100,12.73,overcast clouds
476,Jardim,BR,-21.4803,-56.1381,74.46,38,4,4.52,clear sky
477,Yeppoon,AU,-23.1333,150.7333,60.58,52,0,3.04,clear sky
478,Meulaboh,ID,4.1363,96.1285,77.76,82,100,4.81,overcast clouds
479,Campestre,BR,-21.7111,-46.2464,60.06,48,0,3.85,clear sky
480,Guane,CU,22.2025,-84.0875,79.72,80,75,4.16,broken clouds
481,Tommot,RU,58.9564,126.2925,55.11,93,100,6.24,overcast clouds
482,Buchanan,LR,5.8808,-10.0467,75.2,89,100,9.04,light rain
483,Baykit,RU,61.67,96.37,52.97,87,98,7.49,light rain
484,Sambava,MG,-14.2667,50.1667,66.31,89,85,7.78,light rain
485,The Pas,CA,53.8251,-101.2541,77.02,44,0,5.75,clear sky
486,Fairbanks,US,64.8378,-147.7164,66.6,67,0,0.0,clear sky
487,Gongzhuling,CN,43.5008,124.8198,63.88,94,100,9.71,overcast clouds
488,Minsk,BY,53.9,27.5667,67.75,89,98,7.47,overcast clouds
489,Saryozek,KZ,44.3583,77.9753,67.96,33,0,2.77,clear sky
490,Florence,IT,43.7667,11.25,73.72,71,0,4.61,clear sky
491,Weener,DE,53.1667,7.35,75.2,80,88,7.52,overcast clouds
492,Varhaug,NO,58.6147,5.6457,71.15,74,100,13.09,overcast clouds
493,Socorro,US,31.6546,-106.3033,97.81,21,40,8.05,scattered clouds
494,Chifeng,CN,42.2683,118.9636,67.5,84,100,5.88,overcast clouds
495,Puerto Lleras,CO,3.0223,-73.4044,71.11,92,61,3.65,broken clouds
496,Jinji,CN,23.2281,110.8261,80.94,88,38,1.07,scattered clouds
497,Miyako,JP,39.6367,141.9525,76.75,79,99,2.91,overcast clouds
498,Abra De Ilog,PH,13.4437,120.7291,79.97,85,97,7.45,overcast clouds
499,Trinidad,BO,-14.8333,-64.9,85.98,62,2,3.44,clear sky
500,Kahului,US,20.8947,-156.47,87.82,45,40,21.85,scattered clouds
501,Mosquera,CO,4.7059,-74.2302,57.29,82,100,4.61,overcast clouds
502,Lorengau,PG,-2.0226,147.2712,84.07,60,88,4.61,overcast clouds
503,Westport,US,41.1415,-73.3579,77.95,56,55,10.0,broken clouds
504,Hami,CN,42.8,93.45,77.9,22,0,10.16,clear sky
505,Sretensk,RU,52.2453,117.7093,68.92,57,32,2.08,scattered clouds
506,Bara,NG,10.3744,10.7288,71.42,96,100,8.41,light rain
507,Biak,ID,-0.9131,122.8766,78.22,77,98,8.37,overcast clouds
508,Juneau,US,58.3019,-134.4197,61.99,99,100,12.66,light rain
509,Erenhot,CN,43.6475,111.9767,65.07,60,4,12.53,clear sky
510,Quelimane,MZ,-17.8786,36.8883,73.35,94,0,10.36,clear sky
511,Pombas,CV,17.1503,-25.0201,76.78,88,97,6.85,overcast clouds
512,Ribeira Brava,PT,32.65,-17.0667,73.0,81,0,3.67,clear sky
513,Dulce Grande,MX,23.0,-102.1667,77.95,37,85,6.8,overcast clouds
514,Ayna,PE,-12.65,-73.9167,59.49,68,9,2.98,clear sky
515,Robertson,US,36.5167,-86.8667,87.78,61,20,6.91,few clouds
516,Bonnyville,CA,54.2668,-110.735,78.6,41,41,11.07,scattered clouds
517,Laela,TZ,-8.5667,32.05,61.18,52,19,1.36,few clouds
518,Sept-Iles,CA,50.2001,-66.3821,64.06,88,75,3.44,light intensity shower rain
519,Parana,AR,-31.732,-60.5238,72.57,69,24,6.49,few clouds
520,Ust-Kuyga,RU,70.0167,135.6,58.3,59,24,4.47,few clouds
521,Norman Wells,CA,65.282,-126.8329,73.44,60,75,8.05,broken clouds
522,Punta Umbria,ES,37.1821,-6.9661,72.23,54,0,15.99,clear sky
523,Nhulunbuy,AU,-12.2333,136.7667,79.41,44,7,14.97,clear sky
524,Zhezkazgan,KZ,47.8043,67.7144,67.75,38,0,14.63,clear sky
525,Kommunisticheskiy,RU,61.6789,64.4819,46.4,69,94,4.32,overcast clouds
526,Novoorsk,RU,51.381,58.9813,56.05,47,15,12.66,few clouds
527,Moron,AR,-34.6534,-58.6198,71.49,77,68,6.15,broken clouds
528,Northam,GB,51.0333,-4.2167,69.39,73,34,5.03,scattered clouds
529,Lakes Entrance,AU,-37.8811,147.981,58.15,59,86,12.68,overcast clouds
530,Gazojak,TM,41.1875,61.4036,78.13,20,0,10.31,clear sky
531,Derzhavinsk,KZ,51.1,66.3167,56.39,58,70,8.52,broken clouds
532,Saint Peter,BB,13.25,-59.6167,81.16,77,45,10.13,scattered clouds
533,Troitskoye,RU,52.9821,84.6757,51.49,86,39,5.99,scattered clouds
534,Klaksvik,FO,62.2266,-6.589,50.92,85,86,3.71,overcast clouds
535,Tarbagatay,RU,51.4803,107.3602,54.93,65,10,2.04,clear sky
536,Slupca,PL,52.2873,17.8719,68.2,89,29,6.46,scattered clouds
537,Bongandanga,CD,1.5,21.05,70.7,92,100,2.73,overcast clouds
538,Bagan,RU,54.1001,77.6646,49.32,84,0,8.41,clear sky
539,Mangan,IN,27.5167,88.5333,74.21,96,97,1.7,overcast clouds
540,Iskateley,RU,67.6803,53.1512,48.25,90,99,11.3,overcast clouds
541,Qasigiannguit,GL,68.8193,-51.1922,43.59,82,99,11.61,overcast clouds
542,Talnakh,RU,69.4865,88.3972,56.21,56,97,3.2,overcast clouds
543,Mahajanga,MG,-15.7167,46.3167,69.82,60,0,11.5,clear sky
544,Vanimo,PG,-2.6741,141.3028,83.21,69,84,5.26,broken clouds
545,Laguna De Perlas,NI,12.3429,-83.6712,82.49,84,78,6.76,broken clouds
546,Niono,ML,14.2526,-5.993,75.63,83,100,25.08,overcast clouds
547,Mehamn,NO,71.0357,27.8492,48.15,81,75,10.36,broken clouds
548,Aasiaat,GL,68.7098,-52.8699,39.79,95,100,6.73,overcast clouds
549,Aquiraz,BR,-3.9014,-38.3911,78.89,85,39,9.71,scattered clouds
550,Blagoveshchenka,RU,52.8333,79.8667,53.26,72,1,6.96,clear sky
551,Andros Town,BS,24.7,-77.7667,84.16,67,83,5.57,broken clouds
552,Santa Vitoria Do Palmar,BR,-33.5189,-53.3681,58.89,87,0,10.56,clear sky
553,North Battleford,CA,52.7834,-108.2847,77.4,57,20,11.5,few clouds
554,Flin Flon,CA,54.7682,-101.865,76.84,44,75,4.61,broken clouds
555,Ludvika,SE,60.1496,15.1878,66.0,82,97,2.75,overcast clouds
556,Mao,ES,39.8885,4.2658,81.16,89,0,3.44,clear sky
557,Nago,JP,26.5881,127.9761,86.45,78,25,11.16,scattered clouds
558,Manono,CD,-7.3,27.4167,76.28,32,61,3.4,broken clouds
559,Burnie,AU,-41.0667,145.9167,49.95,84,100,8.59,light rain
560,Khani,GE,41.9563,42.9566,63.97,49,0,5.06,clear sky
561,Callaway,US,30.153,-85.5699,85.91,78,40,10.36,light rain
562,Launceston,AU,-41.45,147.1667,53.62,79,100,14.97,light rain
563,Margate,GB,51.3813,1.3862,71.31,81,100,1.01,overcast clouds
564,Necochea,AR,-38.5473,-58.7368,57.4,86,99,10.04,overcast clouds
565,Pasni,PK,25.2631,63.471,82.49,88,99,3.11,overcast clouds
566,Pevek,RU,69.7008,170.3133,34.23,83,95,11.88,overcast clouds
567,Zhigansk,RU,66.7697,123.3711,55.69,87,94,5.66,overcast clouds
568,Porirua,NZ,-41.1333,174.85,56.84,78,100,10.4,overcast clouds
569,Moree,AU,-29.4667,149.85,54.36,59,99,6.26,overcast clouds
570,Papillion,US,41.1544,-96.0422,79.56,18,65,7.36,broken clouds
571,Samarai,PG,-10.6167,150.6667,82.09,75,31,9.37,scattered clouds
572,Beyneu,KZ,45.3167,55.2,86.07,21,14,7.45,few clouds
573,Carutapera,BR,-1.195,-46.02,75.42,87,31,4.79,scattered clouds
574,Salinopolis,BR,-0.6136,-47.3561,78.19,82,15,11.07,few clouds
575,Buala,SB,-8.145,159.5921,84.02,70,63,5.41,light rain
576,Vegreville,CA,53.5001,-112.0518,75.9,43,13,9.22,few clouds
577,Bereznik,RU,62.8551,42.7072,53.04,80,28,3.53,scattered clouds
578,Bukoba,TZ,-1.3317,31.8122,69.82,73,96,3.85,overcast clouds
579,Niagara Falls,CA,43.1001,-79.0663,76.77,47,100,10.36,overcast clouds
580,Porto Novo,BJ,6.4965,2.6036,75.02,95,100,12.19,moderate rain
581,Ouesso,CG,1.6136,16.0517,72.03,67,85,3.31,overcast clouds
582,Hanko,FI,59.8333,22.95,60.15,86,69,13.22,broken clouds
583,Colonia,DE,50.9333,6.95,76.96,53,0,2.3,clear sky
584,Chicama,PE,-7.8447,-79.1469,59.54,81,5,9.66,clear sky
585,Canchungo,GW,12.0672,-16.0333,77.13,92,100,4.94,moderate rain
586,Bosaso,SO,11.2842,49.1816,91.02,40,82,19.91,broken clouds
587,Vidim,RU,56.4088,103.1106,54.93,95,81,9.37,broken clouds
588,Ixtapa,MX,20.7,-105.2,85.23,70,75,9.22,broken clouds
589,Avera,US,33.194,-82.5271,87.31,45,22,3.02,few clouds
590,Oranjestad,AW,12.524,-70.027,85.95,70,20,17.27,few clouds
591,Salem,IN,11.65,78.1667,75.33,79,98,2.21,overcast clouds
592,Vilyuysk,RU,63.7553,121.6247,55.94,97,100,6.73,overcast clouds
593,Bogalusa,US,30.791,-89.8487,91.45,55,40,0.0,scattered clouds
594,Praia,CV,14.9215,-23.5087,79.34,73,75,4.61,broken clouds
595,Pierre,US,44.3683,-100.351,85.12,48,0,14.97,clear sky
596,San Quintin,MX,30.4833,-115.95,76.32,68,1,7.99,clear sky
597,Maneadero,MX,31.7167,-116.5667,78.1,75,18,3.0,few clouds
598,Elliot,ZA,-31.3333,27.85,33.35,67,35,13.62,scattered clouds
599,Rawson,AR,-43.3002,-65.1023,49.15,44,88,15.68,overcast clouds
600,Poum,NC,-20.2333,164.0167,75.72,82,100,15.32,overcast clouds
601,Mutoko,ZW,-17.397,32.2268,58.08,38,0,2.73,clear sky
602,Del Rio,US,29.3627,-100.8968,98.71,34,20,24.16,few clouds
603,Hastings,GB,50.8552,0.5729,69.91,62,100,8.21,overcast clouds
604,Broken Hill,AU,-31.95,141.4333,53.49,54,71,13.0,broken clouds
605,San Policarpo,PH,12.1791,125.5072,78.94,84,100,4.59,overcast clouds
606,Orlik,RU,52.5178,99.825,52.65,72,40,0.72,scattered clouds
607,Mbandaka,CD,0.0487,18.2603,72.27,62,86,3.38,overcast clouds
608,Auki,SB,-8.7676,160.7034,84.85,62,33,2.55,scattered clouds
609,Nanma,CN,36.1817,118.1583,80.53,85,93,9.19,overcast clouds
610,Aksu,CN,41.1231,80.2644,77.9,39,32,2.48,scattered clouds
611,Koslan,RU,63.4564,48.8989,53.92,63,91,6.62,overcast clouds
612,Hovd,MN,48.0056,91.6419,62.06,35,0,6.6,clear sky
613,Wolfville,CA,45.0835,-64.3655,65.68,91,99,3.44,overcast clouds
614,Langxiang,CN,46.95,128.8833,69.42,67,9,3.33,clear sky
615,Colombo,LK,6.9319,79.8478,76.95,85,45,8.39,scattered clouds
616,Kemijarvi,FI,66.7131,27.4306,48.58,80,77,2.8,broken clouds
617,Talara,PE,-4.5772,-81.2719,63.97,90,4,19.15,clear sky
618,Antalaha,MG,-14.9003,50.2788,64.85,91,55,5.66,broken clouds
619,Florida,US,28.7505,-82.5001,82.74,84,40,3.44,scattered clouds
620,Trairi,BR,-3.2778,-39.2689,77.36,78,54,11.7,broken clouds
621,Culleredo,ES,43.2879,-8.3886,64.49,84,75,5.01,broken clouds
622,Pringsewu,ID,-5.3582,104.9744,74.55,93,94,0.78,overcast clouds
623,Saint-Leu,RE,-21.15,55.2833,69.31,69,14,3.4,few clouds
624,Barcelos,PT,41.5388,-8.6151,68.85,94,1,2.8,clear sky
625,Udachnyy,RU,66.4167,112.4,46.45,87,100,11.05,light rain
626,Pak Phanang,TH,8.3511,100.202,80.62,83,13,5.77,light rain
627,Adamovka,RU,51.5223,59.9396,59.85,53,28,13.33,scattered clouds
628,Odate,JP,40.2686,140.5683,68.14,100,75,2.3,moderate rain
629,Viedma,AR,-40.8135,-62.9967,53.92,34,100,9.1,overcast clouds
630,Eureka,US,40.8021,-124.1637,80.67,84,17,5.01,few clouds
631,Roebourne,AU,-20.7833,117.1333,75.56,45,1,7.45,clear sky
632,Rancho Cucamonga,US,34.1064,-117.5931,103.62,26,20,17.27,few clouds
633,Kiunga,PG,-6.1219,141.2906,74.82,97,100,2.82,overcast clouds
634,Manica,FR,49.0,-1.1667,59.59,96,98,4.88,overcast clouds
635,Tchaourou,BJ,8.8865,2.5975,70.38,98,100,3.69,light rain
636,Krasnyy Yar,RU,46.5331,48.3456,75.13,23,4,11.18,clear sky
637,Tessalit,ML,20.1986,1.0114,95.76,15,30,6.98,scattered clouds
638,Quang Ngai,VN,15.1167,108.8,79.48,83,87,3.87,overcast clouds
639,Bubaque,GW,11.2833,-15.8333,77.56,88,94,13.38,moderate rain
640,Deputatskiy,RU,69.3,139.9,39.79,88,100,5.44,overcast clouds
641,Garoua Boulai,CM,5.8833,14.55,63.9,98,99,7.56,overcast clouds
642,Stornoway,GB,58.2093,-6.3865,55.92,97,100,3.44,fog
643,Southbridge,US,42.0751,-72.0334,77.11,63,92,5.35,overcast clouds
644,Golaghat,IN,26.5167,93.9667,75.85,94,99,8.08,overcast clouds
645,Vila Velha,BR,-20.3297,-40.2925,69.75,85,20,5.75,few clouds
646,Ingham,US,42.6,-84.3833,70.02,81,100,5.75,overcast clouds
647,Nelson,NZ,-41.2833,173.2833,49.28,87,100,1.99,light rain
648,Begoro,GH,6.3871,-0.3774,68.45,95,100,7.16,light rain
649,Peniche,PT,39.3558,-9.3811,68.11,89,0,13.4,clear sky
650,Pacific Grove,US,36.6177,-121.9166,75.87,79,40,10.36,scattered clouds
651,Paamiut,GL,61.994,-49.6678,44.53,93,100,9.66,overcast clouds
652,Igarka,RU,67.4667,86.5833,53.76,64,88,5.73,overcast clouds
653,Woodward,US,36.4337,-99.3904,100.96,28,0,11.5,clear sky
654,Kalanwali,IN,29.85,74.95,80.49,83,97,7.14,overcast clouds
655,Valencia,ES,39.3333,-0.8333,79.75,17,1,8.05,clear sky
656,Taoudenni,ML,22.6783,-3.9836,98.06,8,0,11.41,clear sky
657,Khorixas,NA,-20.3667,14.9667,54.16,37,0,2.1,clear sky
658,Tautira,PF,-17.7333,-149.15,77.68,77,34,13.09,scattered clouds
659,Charters Towers,AU,-20.1,146.2667,65.55,30,80,11.16,broken clouds
660,Havoysund,NO,70.9963,24.6622,48.43,83,91,9.42,overcast clouds
661,Daru,PG,-9.0763,143.2092,79.11,84,83,11.59,broken clouds
662,Balikpapan,ID,-1.2675,116.8289,76.19,100,20,3.44,few clouds
663,Sola,VU,-13.8833,167.55,79.47,89,75,5.75,drizzle
664,Conceicao Da Barra,BR,-18.5933,-39.7322,70.34,73,51,6.38,broken clouds
665,Waddan,LY,29.1614,16.139,85.33,30,0,5.21,clear sky
666,Kafanchan,NG,9.5833,8.3,66.25,99,100,2.71,light rain
667,Kadyy,RU,57.787,43.1903,58.86,84,17,1.66,few clouds
668,Juegang,CN,32.3174,121.1855,85.91,75,100,9.08,overcast clouds
669,Vuktyl,RU,63.8567,57.3094,47.12,72,100,6.38,overcast clouds
670,Labuhan,ID,-6.8844,112.2051,78.64,85,36,7.27,scattered clouds
671,Gryazi,RU,52.4966,39.9359,64.42,64,56,8.55,broken clouds
672,Chapleau,CA,47.8405,-83.4034,73.49,40,75,4.61,broken clouds
673,Felanitx,ES,39.4696,3.1483,83.14,75,51,9.04,broken clouds
674,Marfino,RU,55.7028,37.3822,70.05,56,0,6.71,clear sky
675,Dong Hoi,VN,17.4833,106.6,81.99,75,76,5.26,broken clouds
676,Arbazh,RU,57.6804,48.3065,54.54,84,0,3.83,clear sky
677,Marathon,US,44.9,-89.7668,69.33,83,100,0.0,overcast clouds
678,Kropotkin,RU,45.4375,40.5756,74.44,46,21,7.05,few clouds
679,Gombong,ID,-7.6072,109.5142,77.22,90,97,1.5,overcast clouds
680,Ascension,US,30.2169,-90.9001,93.02,61,75,3.44,broken clouds
681,Jinka,ET,5.65,36.65,65.71,68,93,1.14,overcast clouds
682,Rjukan,NO,59.8789,8.5941,65.05,83,100,0.63,light rain
683,Sawai Madhopur,IN,25.9833,76.3667,78.08,83,100,2.17,moderate rain
684,Qaqortoq,GL,60.7167,-46.0333,45.66,95,72,1.41,broken clouds
685,Doha,QA,25.2867,51.5333,93.18,55,0,3.44,clear sky
